,V1,V2,V3,V4,V5,V6,V7,V8,V9,V10
aliciakeys,johnlegend,ijessewilliams,ellenpompeo,randyjackson,krisjenner,popsugar,iamdiddy,khloekardashian,caradelevingne,kimkardashian
andersoncooper,,,,,,,,,,
angelcandices,caradelevingne,krisjenner,gisele,dianekrugerperso,jaime_king,itsashbenzo,emmaroberts,mileycyrus,jessicaalba,ellenpompeo
annejhathaway,,,,,,,,,,
aw,mindykaling,lenadunham,reesewitherspoon,popsugar,msleamichele,itsashbenzo,emmaroberts,busyphilipps,minkak,ellenpompeo
brooklynbeckham,itsashbenzo,khloekardashian,krisjenner,popsugar,randyjackson,kimkardashian,caradelevingne,emmaroberts,msleamichele,leomessi
busyphilipps,mindykaling,lenadunham,reesewitherspoon,minkak,jaime_king,emmaroberts,popsugar,jessicaalba,aw,rainnwilson
camerondiaz,reesewitherspoon,msleamichele,mindykaling,minkak,drewbarrymore,katebosworth,popsugar,jessicasimpson,jaime_king,jessicaalba
caradelevingne,angelcandices,popsugar,emmaroberts,itsashbenzo,mileycyrus,jaime_king,krisjenner,joejonas,reesewitherspoon,ellenpompeo
champagnepapi,iamdiddy,ijessewilliams,khloekardashian,randyjackson,caradelevingne,krisjenner,joejonas,kimkardashian,aliciakeys,brooklynbeckham
charlizeafrica,randyjackson,ellenpompeo,aw,jessicaalba,reesewitherspoon,juleshough,minkak,instagranph,aliciakeys,popsugar
chrissyteigen,johnlegend,khloekardashian,popsugar,kimkardashian,jessicaalba,krisjenner,minkak,emmaroberts,jaime_king,angelcandices
clarencehouse,,,,,,,,,,
cristiano,,,,,,,,,,
derekhough,juleshough,glassofwhiskey,msleamichele,popsugar,randyjackson,jessetyler,reesewitherspoon,jessicaalba,johnlegend,krisjenner
dianekrugerperso,katebosworth,jaime_king,reesewitherspoon,itsashbenzo,msleamichele,angelcandices,jessicaalba,emmaroberts,jessicasimpson,minkak
drewbarrymore,reesewitherspoon,minkak,jaime_king,ellenpompeo,victoriabeckham,emmaroberts,jessicaalba,msleamichele,jessicasimpson,camerondiaz
ellenpompeo,reesewitherspoon,jessicaalba,minkak,krisjenner,jaime_king,emmaroberts,itsashbenzo,katebosworth,jessicasimpson,caradelevingne
emmaroberts,itsashbenzo,jaime_king,jessicaalba,popsugar,minkak,lenadunham,reesewitherspoon,msleamichele,caradelevingne,mindykaling
emmyrossum,jessicaalba,jaime_king,reesewitherspoon,dianekrugerperso,emmaroberts,minkak,mindykaling,itsashbenzo,juleshough,lenadunham
fergie,joshduhamel,mileycyrus,popsugar,ellenpompeo,iamdiddy,caradelevingne,chrissyteigen,salmahayek,jessicasimpson,jlo
gisele,angelcandices,ellenpompeo,jaime_king,dianekrugerperso,jessicaalba,caradelevingne,krisjenner,kimkardashian,selenagomez,katebosworth
glassofwhiskey,juleshough,msleamichele,emmaroberts,itsashbenzo,popsugar,derekhough,joejonas,minkak,selenagomez,caradelevingne
iamdiddy,champagnepapi,ijessewilliams,randyjackson,khloekardashian,caradelevingne,krisjenner,popsugar,kimkardashian,joejonas,johnlegend
iansomerhalder,khloekardashian,normancook,msleamichele,aw,johnlegend,itsashbenzo,glassofwhiskey,minkak,lucyhale,mileycyrus
ijessewilliams,iamdiddy,champagnepapi,aliciakeys,joejonas,johnlegend,joybeezy,popsugar,caradelevingne,jessicaalba,mindykaling
instagranph,popsugar,mindykaling,reesewitherspoon,itsashbenzo,lenadunham,aw,juleshough,lucyhale,randyjackson,busyphilipps
itsashbenzo,emmaroberts,jaime_king,jessicaalba,jessicasimpson,krisjenner,msleamichele,reesewitherspoon,lucyhale,caradelevingne,katebosworth
itsludacris,,,,,,,,,,
itsmeleighton,,,,,,,,,,
jaime_king,jessicaalba,emmaroberts,itsashbenzo,reesewitherspoon,minkak,popsugar,ellenpompeo,dianekrugerperso,mindykaling,katebosworth
jamesfrancotv,,,,,,,,,,
jamielynnspears,itsashbenzo,msleamichele,lucyhale,popsugar,caradelevingne,mileycyrus,joejonas,reesewitherspoon,randyjackson,krisjenner
jessetyler,popsugar,mindykaling,aw,reesewitherspoon,minkak,lenadunham,johnlegend,busyphilipps,randyjackson,derekhough
jessicaalba,jaime_king,mindykaling,reesewitherspoon,emmaroberts,ellenpompeo,minkak,itsashbenzo,popsugar,krisjenner,lenadunham
jessicasimpson,reesewitherspoon,itsashbenzo,msleamichele,krisjenner,salmahayek,ellenpompeo,dianekrugerperso,minkak,emmaroberts,jaime_king
jimmyfallon,,,,,,,,,,
jlo,randyjackson,krisjenner,khloekardashian,itsashbenzo,jessicasimpson,popsugar,iamdiddy,caradelevingne,ellenpompeo,kimkardashian
joejonas,caradelevingne,popsugar,ijessewilliams,emmaroberts,mileycyrus,itsashbenzo,iamdiddy,wilmervalderrama,randyjackson,selenagomez
johnlegend,chrissyteigen,aliciakeys,jessicaalba,ijessewilliams,khloekardashian,krisjenner,ellenpompeo,popsugar,mindykaling,itsashbenzo
joshduhamel,,,,,,,,,,
joybeezy,jessicaalba,ijessewilliams,ellenpompeo,emmaroberts,johnlegend,minkak,jaime_king,katebosworth,aliciakeys,reesewitherspoon
juleshough,derekhough,glassofwhiskey,msleamichele,reesewitherspoon,emmaroberts,popsugar,jessicaalba,jaime_king,minkak,selenagomez
katebosworth,dianekrugerperso,itsashbenzo,jaime_king,reesewitherspoon,ellenpompeo,emmaroberts,jessicaalba,minkak,angelcandices,aw
khloekardashian,kimkardashian,krisjenner,kourtneykardash,randyjackson,iamdiddy,chrissyteigen,minkak,johnlegend,brooklynbeckham,champagnepapi
kimkardashian,khloekardashian,kourtneykardash,krisjenner,randyjackson,chrissyteigen,iamdiddy,dianekrugerperso,popsugar,angelcandices,jessicaalba
kourtneykardash,kimkardashian,khloekardashian,krisjenner,randyjackson,jessicaalba,chrissyteigen,popsugar,aw,ellenpompeo,minkak
krisjenner,kimkardashian,khloekardashian,kourtneykardash,randyjackson,ellenpompeo,itsashbenzo,popsugar,angelcandices,caradelevingne,jessicaalba
ladygaga,,,,,,,,,,
lenadunham,mindykaling,busyphilipps,aw,emmaroberts,reesewitherspoon,jessicaalba,jaime_king,popsugar,minkak,itsashbenzo
leomessi,,,,,,,,,,
leonardodicaprio,,,,,,,,,,
lucyhale,itsashbenzo,msleamichele,popsugar,joejonas,emmaroberts,selenagomez,khloekardashian,aw,jamielynnspears,instagranph
mariahcarey,randyjackson,iamdiddy,aliciakeys,krisjenner,shakira,popsugar,jimmyfallon,johnlegend,ijessewilliams,champagnepapi
mena13suvari,,,,,,,,,,
michelleobama,,,,,,,,,,
mileycyrus,caradelevingne,itsashbenzo,krisjenner,angelcandices,emmaroberts,joejonas,ellenpompeo,victoriabeckham,jaime_king,popsugar
miloanthonyventimiglia,,,,,,,,,,
mindykaling,lenadunham,busyphilipps,jessicaalba,aw,popsugar,emmaroberts,jaime_king,reesewitherspoon,minkak,itsashbenzo
minkak,ellenpompeo,msleamichele,jessicaalba,reesewitherspoon,emmaroberts,jaime_king,mindykaling,popsugar,chrissyteigen,katebosworth
mrjoshhopkins,,,,,,,,,,
msleamichele,minkak,emmaroberts,itsashbenzo,popsugar,jessicasimpson,juleshough,reesewitherspoon,dianekrugerperso,aw,camerondiaz
nike,,,,,,,,,,
normancook,msleamichele,iansomerhalder,minkak,itsashbenzo,khloekardashian,jaime_king,johnlegend,reesewitherspoon,drewbarrymore,jessicaalba
popsugar,randyjackson,emmaroberts,reesewitherspoon,mindykaling,jessicaalba,caradelevingne,jaime_king,krisjenner,msleamichele,itsashbenzo
prattprattpratt,,,,,,,,,,
rainnwilson,prattprattpratt,busyphilipps,mindykaling,popsugar,jessicaalba,chrissyteigen,emmaroberts,jaime_king,joejonas,glassofwhiskey
randyjackson,popsugar,krisjenner,khloekardashian,iamdiddy,kimkardashian,mariahcarey,jlo,kourtneykardash,charlizeafrica,caradelevingne
Redfoo,,,,,,,,,,
reesewitherspoon,ellenpompeo,camerondiaz,jessicaalba,jaime_king,drewbarrymore,jessicasimpson,popsugar,minkak,emmaroberts,itsashbenzo
salmahayek,jessicasimpson,reesewitherspoon,popsugar,ellenpompeo,randyjackson,krisjenner,caradelevingne,camerondiaz,jaime_king,mindykaling
selenagomez,itsashbenzo,msleamichele,emmaroberts,caradelevingne,joejonas,popsugar,jessicaalba,katebosworth,jaime_king,mileycyrus
serenawilliams,,,,,,,,,,
shakira,clarencehouse,popsugar,mariahcarey,randyjackson,leomessi,jlo,johnlegend,itsashbenzo,ellenpompeo,reesewitherspoon
TheRock,,,,,,,,,,
vanderjames,randyjackson,glassofwhiskey,juleshough,minkak,emmaroberts,joejonas,jessicaalba,popsugar,ellenpompeo,chrissyteigen
victoriabeckham,drewbarrymore,angelcandices,mileycyrus,jaime_king,kimkardashian,caradelevingne,krisjenner,itsashbenzo,katebosworth,brooklynbeckham
wilmervalderrama,joejonas,randyjackson,popsugar,chrissyteigen,mrjoshhopkins,minkak,emmaroberts,iamdiddy,itsashbenzo,Redfoo
